{
  "project_info": {
    "project_number": "1063577489295",
    "firebase_url": "https://assogeii-e1088.firebaseio.com",
    "project_id": "assogeii-e1088",
    "storage_bucket": "assogeii-e1088.appspot.com"
  },
  "client": [
    {
      "client_info": {
        "mobilesdk_app_id": "1:1063577489295:android:3ded4ec0e91088e1f4c5fa",
        "android_client_info": {
          "package_name": "com.crab_corp.asso_geii"
        }
      },
      "oauth_client": [
        {
          "client_id": "1063577489295-pfei882f0s7d9ulo6d2d1jivi9fmpvef.apps.googleusercontent.com",
          "client_type": 1,
          "android_info": {
            "package_name": "com.crab_corp.asso_geii",
            "certificate_hash": "b3d4fdc0d06c8abe81f03a1abd93ef1c7578c673"
          }
        },
        {
          "client_id": "1063577489295-5lrq023nkbmph2qjapg3cqaqn3b3joir.apps.googleusercontent.com",
          "client_type": 3
        }
      ],
      "api_key": [
        {
          "current_key": "AIzaSyACyspEozpKwV4tE33rB9F-wVaRvpkJgvc"
        }
      ],
      "services": {
        "appinvite_service": {
          "other_platform_oauth_client": [
            {
              "client_id": "1063577489295-5lrq023nkbmph2qjapg3cqaqn3b3joir.apps.googleusercontent.com",
              "client_type": 3
            }
          ]
        }
      }
    }
  ],
  "configuration_version": "1"
}